<application>
  <component name="DesignSurface">
    <option name="filePathToZoomLevelMap">
      <map>
        <entry key="..\:/ProgrammingProject/Android/eCommerceAndroidApp/app/src/main/res/drawable/avd_cart.xml" value="0.2890625" />
        <entry key="..\:/ProgrammingProject/Android/eCommerceAndroidApp/app/src/main/res/drawable/avd_profile.xml" value="0.2890625" />
        <entry key="..\:/ProgrammingProject/Android/eCommerceAndroidApp/app/src/main/res/drawable/avd_settings.xml" value="0.2890625" />
        <entry key="..\:/ProgrammingProject/Android/eCommerceAndroidApp/app/src/main/res/drawable/bg_button_round.xml" value="0.2890625" />
        <entry key="..\:/ProgrammingProject/Android/eCommerceAndroidApp/app/src/main/res/drawable/bg_button_round_circle.xml" value="0.2890625" />
        <entry key="..\:/ProgrammingProject/Android/eCommerceAndroidApp/app/src/main/res/drawable/bg_button_round_pill.xml" value="0.2890625" />
        <entry key="..\:/ProgrammingProject/Android/eCommerceAndroidApp/app/src/main/res/drawable/bg_button_round_pill_outline.xml" value="0.2890625" />
        <entry key="..\:/ProgrammingProject/Android/eCommerceAndroidApp/app/src/main/res/drawable/bg_edittext_round.xml" value="0.2890625" />
        <entry key="..\:/ProgrammingProject/Android/eCommerceAndroidApp/app/src/main/res/drawable/ic_app_logo.xml" value="0.13796296296296295" />
        <entry key="..\:/ProgrammingProject/Android/eCommerceAndroidApp/app/src/main/res/drawable/ic_cart.xml" value="0.2890625" />
        <entry key="..\:/ProgrammingProject/Android/eCommerceAndroidApp/app/src/main/res/drawable/ic_default_account.xml" value="0.13796296296296295" />
        <entry key="..\:/ProgrammingProject/Android/eCommerceAndroidApp/app/src/main/res/drawable/ic_facebook.xml" value="0.2890625" />
        <entry key="..\:/ProgrammingProject/Android/eCommerceAndroidApp/app/src/main/res/drawable/ic_from_quockhanh.xml" value="0.13796296296296295" />
        <entry key="..\:/ProgrammingProject/Android/eCommerceAndroidApp/app/src/main/res/drawable/ic_gender_female.xml" value="0.2846153846153846" />
        <entry key="..\:/ProgrammingProject/Android/eCommerceAndroidApp/app/src/main/res/drawable/ic_gender_lgptq.xml" value="0.2846153846153846" />
        <entry key="..\:/ProgrammingProject/Android/eCommerceAndroidApp/app/src/main/res/drawable/ic_gender_male.xml" value="0.2846153846153846" />
        <entry key="..\:/ProgrammingProject/Android/eCommerceAndroidApp/app/src/main/res/drawable/ic_google.xml" value="0.2890625" />
        <entry key="..\:/ProgrammingProject/Android/eCommerceAndroidApp/app/src/main/res/drawable/ic_launcher_background.xml" value="0.13796296296296295" />
        <entry key="..\:/ProgrammingProject/Android/eCommerceAndroidApp/app/src/main/res/drawable/ic_menu.xml" value="0.1" />
        <entry key="..\:/ProgrammingProject/Android/eCommerceAndroidApp/app/src/main/res/drawable/ic_phone.xml" value="0.2890625" />
        <entry key="..\:/ProgrammingProject/Android/eCommerceAndroidApp/app/src/main/res/drawable/z_flag_bg.xml" value="0.1287037037037037" />
        <entry key="..\:/ProgrammingProject/Android/eCommerceAndroidApp/app/src/main/res/layout/activity_log_in.xml" value="0.3724550898203593" />
        <entry key="..\:/ProgrammingProject/Android/eCommerceAndroidApp/app/src/main/res/layout/activity_main.xml" value="0.19021739130434784" />
        <entry key="..\:/ProgrammingProject/Android/eCommerceAndroidApp/app/src/main/res/layout/activity_send_otp.xml" value="0.14402173913043478" />
        <entry key="..\:/ProgrammingProject/Android/eCommerceAndroidApp/app/src/main/res/layout/activity_sign_up.xml" value="0.19021739130434784" />
        <entry key="..\:/ProgrammingProject/Android/eCommerceAndroidApp/app/src/main/res/layout/fragment_carts.xml" value="0.1" />
        <entry key="..\:/ProgrammingProject/Android/eCommerceAndroidApp/app/src/main/res/layout/fragment_category.xml" value="0.16197916666666667" />
        <entry key="..\:/ProgrammingProject/Android/eCommerceAndroidApp/app/src/main/res/layout/fragment_profile.xml" value="0.16168478260869565" />
        <entry key="..\:/ProgrammingProject/Android/eCommerceAndroidApp/app/src/main/res/layout/item_country_code.xml" value="0.16666666666666666" />
        <entry key="..\:/ProgrammingProject/Android/eCommerceAndroidApp/app/src/main/res/layout/layout_navigation_header.xml" value="0.1" />
        <entry key="..\:/ProgrammingProject/Android/eCommerceAndroidApp/app/src/main/res/menu/menu_navigation_main.xml" value="0.1" />
        <entry key="..\:/ProgrammingProject/Android/eCommerceAndroidApp/app/src/main/res/mipmap-anydpi-v26/ic_launcher.xml" value="0.13796296296296295" />
        <entry key="..\:/ProgrammingProject/Android/eCommerceAndroidApp/app/src/main/res/mipmap-anydpi-v26/ic_launcher_round.xml" value="0.13796296296296295" />
        <entry key="..\:/Users/quock/Documents/GitHub/FastDeliveryApplication/TVKDelivery/app/src/main/res/layout/activity_app_start.xml" value="0.20108695652173914" />
        <entry key="..\:/Users/quock/Documents/GitHub/FastDeliveryApplication/TVKDelivery/app/src/main/res/layout/activity_login.xml" value="0.1" />
        <entry key="..\:/Users/quock/Documents/GitHub/FastDeliveryApplication/TVKDelivery/app/src/main/res/layout/activity_main_admin.xml" value="0.1" />
        <entry key="..\:/Users/quock/Documents/GitHub/FastDeliveryApplication/TVKDelivery/app/src/main/res/layout/activity_main_driver.xml" value="0.20108695652173914" />
        <entry key="..\:/Users/quock/Documents/GitHub/FastDeliveryApplication/TVKDelivery/app/src/main/res/layout/fragment_list_feedback.xml" value="0.20108695652173914" />
        <entry key="..\:/Users/quock/Documents/GitHub/FastDeliveryApplication/TVKDelivery/app/src/main/res/layout/fragment_notification.xml" value="0.20108695652173914" />
        <entry key="..\:/Users/quock/Documents/GitHub/FastDeliveryApplication/TVKDelivery/app/src/main/res/layout/layout_custom_contact.xml" value="0.20108695652173914" />
        <entry key="..\:/Users/quock/Documents/GitHub/FastDeliveryApplication/TVKDelivery/app/src/main/res/layout/mainform.xml" value="0.20108695652173914" />
      </map>
    </option>
  </component>
</application>