<application>
  <component name="FileTypeManager" version="17">
    <extensionMap>
      <removed_mapping ext="ignore" approved="true" type="IgnoreLang file" />
      <mapping ext="gradle.kts" type="Kotlin" />
      <mapping ext="main.kts" type="Kotlin" />
      <removed_mapping ext="psd" approved="true" type="Image" />
      <removed_mapping ext="ignore" approved="true" type="IgnoreLang file" />
      <removed_mapping ext="apk" approved="true" type="ARCHIVE" />
      <mapping pattern="argon-extra.css" type="AUTO_DETECTED" />
    </extensionMap>
  </component>
</application>