{
  "editor.fontFamily": "JetBrains Mono, Roboto Mono, Arial",
  "editor.wordWrap": "on",
  "editor.lineHeight": 27,
  "editor.letterSpacing": 0.5,
  "files.trimTrailingWhitespace": true,
  "editor.cursorWidth": 3,
  "editor.cursorBlinking": "solid",
  "explorer.confirmDelete": false,
  "liveServer.settings.donotShowInfoMsg": true,
  "workbench.colorCustomizations": {
    "sideBar.background": "#282a39",
    "editor.background": "#282a39",
    "terminal.background": "#282a39",
    "panel.background": "#282a39",
    "activityBar.background": "#282a39",
    "tab.activeBorderTop": "#ffb86c",
    "panelTitle.activeBorder": "#ffb86c"
  },
  "emmet.includeLanguages": {
    "javascript": "javascriptreact",
    "vue-html": "html"
  },
  "emmet.showSuggestionsAsSnippets": true,
  "emmet.triggerExpansionOnTab": true,
  "window.zoomLevel": 0,
  "editor.tabSize": 2,
  "editor.formatOnSave": true,
  "[javascript]": {
    "editor.defaultFormatter": "esbenp.prettier-vscode"
  },
  "workbench.iconTheme": "material-icon-theme",
  "javascript.updateImportsOnFileMove.enabled": "always",
  "gitlens.advanced.messages": {
    "suppressLineUncommittedWarning": true
  },
  "terminal.integrated.fontSize": 15,
  "terminal.integrated.rendererType": "dom",
  "editor.fontSize": 15,
  "debug.console.fontSize": 14,
  "explorer.confirmDragAndDrop": false,
  "files.autoSaveDelay": 5000,
  "highlight-matching-tag.highlightFromContent": true,
  "highlight-matching-tag.highlightSelfClosing": true,
  "editor.renderLineHighlight": "none",
  "editor.fontLigatures": true,
  "editor.tokenColorCustomizations": {
    "[Dracula]": {
      "textMateRules": [
        {
          "scope": "entity.name.function",
          "settings": {
            "foreground": "#ffb86c",
            "fontStyle": "bold"
          }
        },
        {
          "scope": "entity.other.attribute-name",
          "settings": {
            "foreground": "#00FF68",
            "fontStyle": ""
          }
        },
        {
          "scope": "string",
          "settings": {
            "foreground": "#FFE887"
          }
        },
        {
          "scope": "punctuation.definition.string.begin",
          "settings": {
            "foreground": "#FFE887"
          }
        },
        {
          "scope": "punctuation.definition.string.end",
          "settings": {
            "foreground": "#FFE887"
          }
        },
        {
          "scope": "string.unquoted",
          "settings": {
            "foreground": "#00FF68",
            "fontStyle": ""
          }
        }
      ]
    }
  },
  "workbench.colorTheme": "Dracula",
  "autoimport.filesToScan": "**/*.{js,ts,tsx}"
}
