<application>
  <component name="DesignSurface">
    <option name="filePathToZoomLevelMap">
      <map>
        <entry key="..\:/ProgrammingProject/Android/eCommerceAndroidApp/app/src/main/res/drawable/ic_app_logo.xml" value="0.13796296296296295" />
        <entry key="..\:/ProgrammingProject/Android/eCommerceAndroidApp/app/src/main/res/drawable/ic_default_account.xml" value="0.13796296296296295" />
        <entry key="..\:/ProgrammingProject/Android/eCommerceAndroidApp/app/src/main/res/drawable/ic_from_quockhanh.xml" value="0.13796296296296295" />
        <entry key="..\:/ProgrammingProject/Android/eCommerceAndroidApp/app/src/main/res/drawable/ic_launcher_background.xml" value="0.13796296296296295" />
        <entry key="..\:/ProgrammingProject/Android/eCommerceAndroidApp/app/src/main/res/drawable/ic_menu.xml" value="0.1" />
        <entry key="..\:/ProgrammingProject/Android/eCommerceAndroidApp/app/src/main/res/drawable/z_flag_bg.xml" value="0.1287037037037037" />
        <entry key="..\:/ProgrammingProject/Android/eCommerceAndroidApp/app/src/main/res/layout/activity_main.xml" value="0.1" />
        <entry key="..\:/ProgrammingProject/Android/eCommerceAndroidApp/app/src/main/res/layout/activity_send_otp.xml" value="0.1" />
        <entry key="..\:/ProgrammingProject/Android/eCommerceAndroidApp/app/src/main/res/layout/activity_sign_up.xml" value="0.264" />
        <entry key="..\:/ProgrammingProject/Android/eCommerceAndroidApp/app/src/main/res/layout/fragment_carts.xml" value="0.1" />
        <entry key="..\:/ProgrammingProject/Android/eCommerceAndroidApp/app/src/main/res/layout/item_country_code.xml" value="0.16666666666666666" />
        <entry key="..\:/ProgrammingProject/Android/eCommerceAndroidApp/app/src/main/res/layout/layout_navigation_header.xml" value="0.1" />
        <entry key="..\:/ProgrammingProject/Android/eCommerceAndroidApp/app/src/main/res/menu/menu_navigation_main.xml" value="0.1" />
        <entry key="..\:/ProgrammingProject/Android/eCommerceAndroidApp/app/src/main/res/mipmap-anydpi-v26/ic_launcher.xml" value="0.13796296296296295" />
        <entry key="..\:/ProgrammingProject/Android/eCommerceAndroidApp/app/src/main/res/mipmap-anydpi-v26/ic_launcher_round.xml" value="0.13796296296296295" />
      </map>
    </option>
  </component>
</application>